"","","","","",""
"Account Listing","","","","",""
"","Account","Type","Balance Total","Description","Accnt. #"
"","Checking","Bank","2,254.20","Operating checking account","1010"
"","Accounts Receivable","Accounts Receivable","0.00","Accounts Receivable","1200"
"","Office Equipment","Fixed Asset","1,800.00","Office equipment at cost","1500"
"","Accounts Payable","Accounts Payable","1,800.00","Accounts Payable","2000"
"","Owner's Equity","Equity","10.00","Owner capital","3000"
"","Consulting Income","Income","2,500.00","Consulting revenue","4000"
"","Utilities","Expense","245.80","Utilities","6200"
"","Utilities:Electric","Expense","245.80","Electric service","6210"
"","Interest Income","Other Income","12.44","Bank interest","7000"
